Keyword,Country,Search Volume,PPC Comp.,PPC Comp. Score (%);;;;;;
software de reconocimiento de voz,Spain,30,1,6;;;;;;
dragon reconocimiento de voz,Spain,20,1,3;;;;;;
reconocimiento de voz dragon naturally speaking,Spain,10,1,10;;;;;;
reconocimiento de voz,Spain,880,1,3;;;;;;
reconocimiento de voz dragon,Spain,10,1,6;;;;;;
loquendo;Nuance web;;;;;
dragon;Nuance web;;;;;
dragon naturally speaking;Nuance web;;;;;
loquendo online;Nuance web;;;;;
loquendo tts;Nuance web;;;;;
loquendo;1;4;12,1;0.02;0.00;10,300,000
loquendo online;4;2;2,9;0.13;0.01;358
swype;6;7;2,4;0.00;0.03;378
text to speech;11;20;1,6;0.39;0.06;319,000,000
omnipage;2;1;880;0.15;0.09;333
voz loquendo;4;12;480;0.01;0.04;719
loquendo tts;1;3;390;0.28;0.03;212
dragon dictation;1;2;390;0.89;0.13;904
voz de loquendo;4;11;320;0.01;0.02;719
voces loquendo;;;;;;
;;;;;;
;;;;;;
"<meta name=""description"" content=""Shop powered by PrestaShop"" />";;;;;;
;"<meta name=""keywords"" content=""tienda, prestashop"" />";;;;;
;"<meta name=""generator"" content=""PrestaShop"" />";;;;;
